time	survival
1	1.0
2	1.0
3	1.0
4	1.0
5	1.0
6	1.0
7	1.0
8	1.0
9	1.0
10	1.0
11	1.0
12	1.0
13	1.0
14	1.0
15	1.0
16	1.0
17	1.0
18	1.0
19	1.0
20	1.0
21	1.0
22	1.0
23	1.0
24	1.0
25	1.0
26	1.0
27	1.0
28	1.0
29	1.0
30	1.0
31	1.0
32	1.0
33	1.0
34	1.0
35	1.0
36	1.0
37	1.0
38	1.0
39	1.0
40	1.0
41	1.0
42	1.0
43	1.0
44	1.0
45	1.0
46	1.0
47	1.0
48	1.0
49	1.0
50	1.0
51	1.0
52	1.0
53	1.0
54	1.0
55	1.0
56	1.0
57	1.0
58	1.0
59	1.0
60	1.0
61	1.0
62	1.0
63	1.0
64	1.0
65	1.0
66	1.0
67	1.0
68	1.0
69	1.0
70	1.0
71	1.0
72	1.0
73	1.0
74	1.0
75	1.0
76	1.0
77	1.0
78	1.0
79	1.0
80	1.0
81	1.0
82	1.0
83	1.0
84	1.0
85	1.0
86	1.0
87	1.0
88	1.0
89	1.0
90	1.0
91	1.0
92	1.0
93	1.0
94	1.0
95	1.0
96	1.0
97	1.0
98	1.0
99	1.0
100	1.0
101	1.0
102	1.0
103	1.0
104	1.0
105	1.0
106	1.0
107	1.0
108	1.0
109	1.0
110	1.0
111	1.0
112	1.0
113	1.0
114	1.0
115	1.0
116	1.0
117	1.0
118	1.0
119	1.0
120	1.0
121	1.0
122	1.0
123	1.0
124	1.0
125	1.0
126	1.0
127	1.0
128	1.0
129	1.0
130	1.0
131	1.0
132	1.0
133	1.0
134	1.0
135	1.0
136	1.0
137	1.0
138	1.0
139	1.0
140	1.0
141	1.0
142	1.0
143	1.0
144	1.0
145	1.0
146	1.0
147	1.0
148	1.0
149	1.0
150	1.0
151	1.0
152	1.0
153	1.0
154	1.0
155	1.0
156	1.0
157	1.0
158	1.0
159	1.0
160	1.0
161	1.0
162	1.0
163	1.0
164	1.0
165	1.0
166	1.0
167	1.0
168	1.0
169	1.0
170	1.0
171	1.0
172	1.0
173	1.0
174	1.0
175	0.9473684210526315
176	0.9473684210526315
177	0.9473684210526315
178	0.9473684210526315
179	0.9473684210526315
180	0.9473684210526315
181	0.9473684210526315
182	0.9473684210526315
183	0.9473684210526315
184	0.9473684210526315
185	0.9473684210526315
186	0.9473684210526315
187	0.9473684210526315
188	0.9473684210526315
189	0.9473684210526315
190	0.9473684210526315
191	0.9473684210526315
192	0.9473684210526315
193	0.9473684210526315
194	0.9473684210526315
195	0.9473684210526315
196	0.9473684210526315
197	0.9473684210526315
198	0.9473684210526315
199	0.9473684210526315
200	0.9473684210526315
201	0.9473684210526315
202	0.9473684210526315
203	0.9473684210526315
204	0.9473684210526315
205	0.9473684210526315
206	0.9473684210526315
207	0.9473684210526315
208	0.9473684210526315
209	0.9473684210526315
210	0.9473684210526315
211	0.9473684210526315
212	0.9473684210526315
213	0.9473684210526315
214	0.9473684210526315
215	0.9473684210526315
216	0.9473684210526315
217	0.9473684210526315
218	0.9473684210526315
219	0.9473684210526315
220	0.9473684210526315
221	0.9473684210526315
222	0.9473684210526315
223	0.9473684210526315
224	0.9473684210526315
225	0.9473684210526315
226	0.9473684210526315
227	0.9473684210526315
228	0.9473684210526315
229	0.9473684210526315
230	0.9473684210526315
231	0.9473684210526315
232	0.9473684210526315
233	0.9473684210526315
234	0.9473684210526315
235	0.9473684210526315
236	0.9473684210526315
237	0.9473684210526315
238	0.9473684210526315
239	0.9473684210526315
240	0.9473684210526315
241	0.9473684210526315
242	0.9473684210526315
243	0.9473684210526315
244	0.9473684210526315
245	0.9473684210526315
246	0.9473684210526315
247	0.9473684210526315
248	0.9473684210526315
249	0.9473684210526315
250	0.9473684210526315
251	0.9473684210526315
252	0.9473684210526315
253	0.9473684210526315
254	0.9473684210526315
255	0.9473684210526315
256	0.9473684210526315
257	0.9473684210526315
258	0.9473684210526315
259	0.9473684210526315
260	0.9473684210526315
261	0.9473684210526315
262	0.9473684210526315
263	0.9473684210526315
264	0.9473684210526315
265	0.9473684210526315
266	0.9473684210526315
267	0.9473684210526315
268	0.9473684210526315
269	0.9473684210526315
270	0.9473684210526315
271	0.9473684210526315
272	0.9473684210526315
273	0.9473684210526315
274	0.9473684210526315
275	0.9473684210526315
276	0.9473684210526315
277	0.9473684210526315
278	0.9473684210526315
279	0.9473684210526315
280	0.9473684210526315
281	0.9473684210526315
282	0.9473684210526315
283	0.9473684210526315
284	0.9473684210526315
285	0.9473684210526315
286	0.9473684210526315
287	0.9473684210526315
288	0.9473684210526315
289	0.9473684210526315
290	0.9473684210526315
291	0.9473684210526315
292	0.9473684210526315
293	0.9473684210526315
294	0.9473684210526315
295	0.9473684210526315
296	0.9473684210526315
297	0.9473684210526315
298	0.9473684210526315
299	0.9473684210526315
300	0.9473684210526315
301	0.9473684210526315
302	0.9473684210526315
303	0.9473684210526315
304	0.9473684210526315
305	0.9473684210526315
306	0.9473684210526315
307	0.9473684210526315
308	0.9473684210526315
309	0.9473684210526315
310	0.9473684210526315
311	0.9473684210526315
312	0.9473684210526315
313	0.9473684210526315
314	0.9473684210526315
315	0.9473684210526315
316	0.9473684210526315
317	0.9473684210526315
318	0.9473684210526315
319	0.9473684210526315
320	0.9473684210526315
321	0.9473684210526315
322	0.9473684210526315
323	0.9473684210526315
324	0.9473684210526315
325	0.9473684210526315
326	0.9473684210526315
327	0.9473684210526315
328	0.9473684210526315
329	0.9473684210526315
330	0.9473684210526315
331	0.9473684210526315
332	0.9473684210526315
333	0.9473684210526315
334	0.9473684210526315
335	0.9473684210526315
336	0.9473684210526315
337	0.9473684210526315
338	0.9473684210526315
339	0.9473684210526315
340	0.9473684210526315
341	0.9473684210526315
342	0.9473684210526315
343	0.9473684210526315
344	0.9473684210526315
345	0.9473684210526315
346	0.9473684210526315
347	0.9473684210526315
348	0.9473684210526315
349	0.9473684210526315
350	0.9473684210526315
351	0.9473684210526315
352	0.9473684210526315
353	0.9473684210526315
354	0.9473684210526315
355	0.9473684210526315
356	0.9473684210526315
357	0.9473684210526315
358	0.9473684210526315
359	0.9473684210526315
360	0.9473684210526315
361	0.9473684210526315
362	0.9473684210526315
363	0.891640866873065
364	0.891640866873065
365	0.891640866873065
366	0.891640866873065
367	0.891640866873065
368	0.891640866873065
369	0.891640866873065
370	0.891640866873065
371	0.891640866873065
372	0.891640866873065
373	0.891640866873065
374	0.891640866873065
375	0.891640866873065
376	0.891640866873065
377	0.891640866873065
378	0.891640866873065
379	0.891640866873065
380	0.891640866873065
381	0.891640866873065
382	0.891640866873065
383	0.891640866873065
384	0.891640866873065
385	0.891640866873065
386	0.891640866873065
387	0.891640866873065
388	0.891640866873065
389	0.891640866873065
390	0.891640866873065
391	0.891640866873065
392	0.891640866873065
393	0.891640866873065
394	0.891640866873065
395	0.891640866873065
396	0.891640866873065
397	0.891640866873065
398	0.891640866873065
399	0.891640866873065
400	0.891640866873065
401	0.891640866873065
402	0.891640866873065
403	0.891640866873065
404	0.891640866873065
405	0.891640866873065
406	0.891640866873065
407	0.891640866873065
408	0.891640866873065
409	0.891640866873065
410	0.891640866873065
411	0.891640866873065
412	0.891640866873065
413	0.891640866873065
414	0.891640866873065
415	0.891640866873065
416	0.891640866873065
417	0.891640866873065
418	0.891640866873065
419	0.891640866873065
420	0.891640866873065
421	0.891640866873065
422	0.891640866873065
423	0.891640866873065
424	0.891640866873065
425	0.891640866873065
426	0.891640866873065
427	0.891640866873065
428	0.891640866873065
429	0.891640866873065
430	0.891640866873065
431	0.891640866873065
432	0.891640866873065
433	0.891640866873065
434	0.891640866873065
435	0.891640866873065
436	0.891640866873065
437	0.891640866873065
438	0.891640866873065
439	0.891640866873065
440	0.891640866873065
441	0.891640866873065
442	0.891640866873065
443	0.891640866873065
444	0.891640866873065
445	0.891640866873065
446	0.891640866873065
447	0.891640866873065
448	0.891640866873065
449	0.891640866873065
450	0.891640866873065
451	0.891640866873065
452	0.891640866873065
453	0.891640866873065
454	0.891640866873065
455	0.891640866873065
456	0.891640866873065
457	0.891640866873065
458	0.891640866873065
459	0.891640866873065
460	0.891640866873065
461	0.891640866873065
462	0.891640866873065
463	0.891640866873065
464	0.891640866873065
465	0.891640866873065
466	0.891640866873065
467	0.891640866873065
468	0.891640866873065
469	0.891640866873065
470	0.891640866873065
471	0.891640866873065
472	0.891640866873065
473	0.891640866873065
474	0.891640866873065
475	0.891640866873065
476	0.891640866873065
477	0.891640866873065
478	0.891640866873065
479	0.891640866873065
480	0.891640866873065
481	0.891640866873065
482	0.891640866873065
483	0.891640866873065
484	0.891640866873065
485	0.891640866873065
486	0.891640866873065
487	0.891640866873065
488	0.891640866873065
489	0.891640866873065
490	0.891640866873065
491	0.891640866873065
492	0.891640866873065
493	0.891640866873065
494	0.891640866873065
495	0.891640866873065
496	0.891640866873065
497	0.891640866873065
498	0.891640866873065
499	0.891640866873065
500	0.891640866873065
501	0.891640866873065
502	0.891640866873065
503	0.891640866873065
504	0.891640866873065
505	0.891640866873065
506	0.891640866873065
507	0.891640866873065
508	0.891640866873065
509	0.891640866873065
510	0.891640866873065
511	0.891640866873065
512	0.891640866873065
513	0.891640866873065
514	0.891640866873065
515	0.891640866873065
516	0.891640866873065
517	0.891640866873065
518	0.891640866873065
519	0.891640866873065
520	0.891640866873065
521	0.891640866873065
522	0.891640866873065
523	0.891640866873065
524	0.891640866873065
525	0.891640866873065
526	0.891640866873065
527	0.891640866873065
528	0.891640866873065
529	0.891640866873065
530	0.891640866873065
531	0.891640866873065
532	0.891640866873065
533	0.891640866873065
534	0.891640866873065
535	0.891640866873065
536	0.891640866873065
537	0.891640866873065
538	0.891640866873065
539	0.891640866873065
540	0.891640866873065
541	0.891640866873065
542	0.891640866873065
543	0.891640866873065
544	0.891640866873065
545	0.891640866873065
546	0.891640866873065
547	0.891640866873065
548	0.891640866873065
549	0.891640866873065
550	0.891640866873065
551	0.891640866873065
552	0.891640866873065
553	0.891640866873065
554	0.891640866873065
555	0.891640866873065
556	0.891640866873065
557	0.891640866873065
558	0.891640866873065
559	0.891640866873065
560	0.891640866873065
561	0.891640866873065
562	0.891640866873065
563	0.891640866873065
564	0.891640866873065
565	0.891640866873065
566	0.891640866873065
567	0.891640866873065
568	0.891640866873065
569	0.891640866873065
570	0.891640866873065
571	0.891640866873065
572	0.891640866873065
573	0.891640866873065
574	0.891640866873065
575	0.891640866873065
576	0.891640866873065
577	0.891640866873065
578	0.891640866873065
579	0.891640866873065
580	0.891640866873065
581	0.891640866873065
582	0.891640866873065
583	0.891640866873065
584	0.891640866873065
585	0.891640866873065
586	0.891640866873065
587	0.891640866873065
588	0.891640866873065
589	0.891640866873065
590	0.891640866873065
591	0.891640866873065
592	0.891640866873065
593	0.891640866873065
594	0.8391914041158258
595	0.8391914041158258
596	0.8391914041158258
597	0.8391914041158258
598	0.8391914041158258
599	0.8391914041158258
600	0.8391914041158258
601	0.8391914041158258
602	0.8391914041158258
603	0.8391914041158258
604	0.8391914041158258
605	0.8391914041158258
606	0.8391914041158258
607	0.8391914041158258
608	0.8391914041158258
609	0.8391914041158258
610	0.8391914041158258
611	0.8391914041158258
612	0.8391914041158258
613	0.8391914041158258
614	0.8391914041158258
615	0.8391914041158258
616	0.8391914041158258
617	0.8391914041158258
618	0.8391914041158258
619	0.8391914041158258
620	0.8391914041158258
621	0.8391914041158258
622	0.8391914041158258
623	0.8391914041158258
624	0.8391914041158258
625	0.8391914041158258
626	0.8391914041158258
627	0.8391914041158258
628	0.8391914041158258
629	0.8391914041158258
630	0.8391914041158258
631	0.8391914041158258
632	0.8391914041158258
633	0.8391914041158258
634	0.8391914041158258
635	0.8391914041158258
636	0.8391914041158258
637	0.8391914041158258
638	0.8391914041158258
639	0.8391914041158258
640	0.8391914041158258
641	0.8391914041158258
642	0.8391914041158258
643	0.8391914041158258
644	0.8391914041158258
645	0.8391914041158258
646	0.8391914041158258
647	0.8391914041158258
648	0.8391914041158258
649	0.8391914041158258
650	0.8391914041158258
651	0.8391914041158258
652	0.8391914041158258
653	0.8391914041158258
654	0.8391914041158258
655	0.8391914041158258
656	0.8391914041158258
657	0.8391914041158258
658	0.8391914041158258
659	0.8391914041158258
660	0.8391914041158258
661	0.8391914041158258
662	0.8391914041158258
663	0.8391914041158258
664	0.8391914041158258
665	0.8391914041158258
666	0.8391914041158258
667	0.8391914041158258
668	0.8391914041158258
669	0.8391914041158258
670	0.8391914041158258
671	0.8391914041158258
672	0.8391914041158258
673	0.8391914041158258
674	0.8391914041158258
675	0.8391914041158258
676	0.8391914041158258
677	0.8391914041158258
678	0.8391914041158258
679	0.8391914041158258
680	0.8391914041158258
681	0.8391914041158258
682	0.8391914041158258
683	0.8391914041158258
684	0.8391914041158258
685	0.8391914041158258
686	0.8391914041158258
687	0.8391914041158258
688	0.8391914041158258
689	0.8391914041158258
690	0.8391914041158258
691	0.8391914041158258
692	0.8391914041158258
693	0.8391914041158258
694	0.8391914041158258
695	0.8391914041158258
696	0.8391914041158258
697	0.8391914041158258
698	0.8391914041158258
699	0.8391914041158258
700	0.8391914041158258
701	0.8391914041158258
702	0.8391914041158258
703	0.8391914041158258
704	0.8391914041158258
705	0.8391914041158258
706	0.8391914041158258
707	0.8391914041158258
708	0.8391914041158258
709	0.8391914041158258
710	0.8391914041158258
711	0.8391914041158258
712	0.8391914041158258
713	0.8391914041158258
714	0.8391914041158258
715	0.8391914041158258
716	0.8391914041158258
717	0.8391914041158258
718	0.8391914041158258
719	0.8391914041158258
720	0.8391914041158258
721	0.8391914041158258
722	0.8391914041158258
723	0.8391914041158258
724	0.8391914041158258
725	0.8391914041158258
726	0.8391914041158258
727	0.8391914041158258
728	0.8391914041158258
729	0.8391914041158258
730	0.8391914041158258
731	0.8391914041158258
732	0.8391914041158258
733	0.8391914041158258
734	0.8391914041158258
735	0.8391914041158258
736	0.8391914041158258
737	0.8391914041158258
738	0.8391914041158258
739	0.8391914041158258
740	0.8391914041158258
741	0.8391914041158258
742	0.8391914041158258
743	0.8391914041158258
744	0.8391914041158258
745	0.8391914041158258
746	0.8391914041158258
747	0.8391914041158258
748	0.8391914041158258
749	0.8391914041158258
750	0.8391914041158258
751	0.8391914041158258
752	0.8391914041158258
753	0.8391914041158258
754	0.8391914041158258
755	0.8391914041158258
756	0.8391914041158258
757	0.8391914041158258
758	0.8391914041158258
759	0.8391914041158258
760	0.8391914041158258
761	0.8391914041158258
762	0.8391914041158258
763	0.8391914041158258
764	0.8391914041158258
765	0.8391914041158258
766	0.8391914041158258
767	0.8391914041158258
768	0.8391914041158258
769	0.8391914041158258
770	0.8391914041158258
771	0.8391914041158258
772	0.8391914041158258
773	0.8391914041158258
774	0.8391914041158258
775	0.8391914041158258
776	0.8391914041158258
777	0.8391914041158258
778	0.8391914041158258
779	0.8391914041158258
780	0.8391914041158258
781	0.8391914041158258
782	0.8391914041158258
783	0.8391914041158258
784	0.8391914041158258
785	0.8391914041158258
786	0.8391914041158258
787	0.8391914041158258
788	0.8391914041158258
789	0.8391914041158258
790	0.8391914041158258
791	0.8391914041158258
792	0.8391914041158258
793	0.8391914041158258
794	0.8391914041158258
795	0.8391914041158258
796	0.8391914041158258
797	0.8391914041158258
798	0.8391914041158258
799	0.8391914041158258
800	0.8391914041158258
801	0.8391914041158258
802	0.8391914041158258
803	0.8391914041158258
804	0.8391914041158258
805	0.8391914041158258
806	0.8391914041158258
807	0.8391914041158258
808	0.8391914041158258
809	0.8391914041158258
810	0.8391914041158258
811	0.8391914041158258
812	0.8391914041158258
813	0.8391914041158258
814	0.8391914041158258
815	0.8391914041158258
816	0.8391914041158258
817	0.8391914041158258
818	0.8391914041158258
819	0.8391914041158258
820	0.8391914041158258
821	0.8391914041158258
822	0.8391914041158258
823	0.8391914041158258
824	0.8391914041158258
825	0.8391914041158258
826	0.8391914041158258
827	0.8391914041158258
828	0.8391914041158258
829	0.8391914041158258
830	0.8391914041158258
831	0.8391914041158258
832	0.8391914041158258
833	0.8391914041158258
834	0.8391914041158258
835	0.8391914041158258
836	0.8391914041158258
837	0.8391914041158258
838	0.7898272038737184
839	0.7898272038737184
840	0.7898272038737184
841	0.7898272038737184
842	0.7898272038737184
843	0.7898272038737184
844	0.7898272038737184
845	0.7898272038737184
846	0.7898272038737184
847	0.7898272038737184
848	0.7898272038737184
849	0.7898272038737184
850	0.7898272038737184
851	0.7898272038737184
852	0.7898272038737184
853	0.7898272038737184
854	0.7898272038737184
855	0.7898272038737184
856	0.7898272038737184
857	0.7898272038737184
858	0.7898272038737184
859	0.7898272038737184
860	0.7898272038737184
861	0.7898272038737184
862	0.7898272038737184
863	0.7898272038737184
864	0.7898272038737184
865	0.7898272038737184
866	0.7898272038737184
867	0.7898272038737184
868	0.7898272038737184
869	0.7898272038737184
870	0.7898272038737184
871	0.7898272038737184
872	0.7898272038737184
873	0.7898272038737184
874	0.7898272038737184
875	0.7898272038737184
876	0.7898272038737184
877	0.7898272038737184
878	0.7898272038737184
879	0.7898272038737184
880	0.7898272038737184
881	0.7898272038737184
882	0.7898272038737184
883	0.7898272038737184
884	0.7898272038737184
885	0.7898272038737184
886	0.7898272038737184
887	0.7898272038737184
888	0.7898272038737184
889	0.7898272038737184
890	0.7898272038737184
891	0.7898272038737184
892	0.7898272038737184
893	0.7898272038737184
894	0.7898272038737184
895	0.7898272038737184
896	0.7898272038737184
897	0.7898272038737184
898	0.7898272038737184
899	0.7898272038737184
900	0.7898272038737184
901	0.7898272038737184
902	0.7898272038737184
903	0.7898272038737184
904	0.7898272038737184
905	0.7898272038737184
906	0.7898272038737184
907	0.7898272038737184
908	0.7898272038737184
909	0.7898272038737184
910	0.7898272038737184
911	0.7898272038737184
912	0.7898272038737184
913	0.7898272038737184
914	0.7898272038737184
915	0.7898272038737184
916	0.7898272038737184
917	0.7898272038737184
918	0.7898272038737184
919	0.7898272038737184
920	0.7898272038737184
921	0.7898272038737184
922	0.7898272038737184
923	0.7898272038737184
924	0.7898272038737184
925	0.7898272038737184
926	0.7898272038737184
927	0.7898272038737184
928	0.7898272038737184
929	0.7898272038737184
930	0.7898272038737184
931	0.7898272038737184
932	0.7898272038737184
933	0.7898272038737184
934	0.7898272038737184
935	0.7898272038737184
936	0.7898272038737184
937	0.7898272038737184
938	0.7898272038737184
939	0.7898272038737184
940	0.7898272038737184
941	0.7898272038737184
942	0.7898272038737184
943	0.7898272038737184
944	0.7898272038737184
945	0.7898272038737184
946	0.7898272038737184
947	0.7898272038737184
948	0.7898272038737184
949	0.7898272038737184
950	0.7898272038737184
951	0.7898272038737184
952	0.7898272038737184
953	0.7898272038737184
954	0.7898272038737184
955	0.7898272038737184
956	0.7898272038737184
957	0.7898272038737184
958	0.7898272038737184
959	0.7898272038737184
960	0.7898272038737184
961	0.7898272038737184
962	0.7898272038737184
963	0.7898272038737184
964	0.7898272038737184
965	0.7898272038737184
966	0.7898272038737184
967	0.7898272038737184
968	0.7898272038737184
969	0.7898272038737184
970	0.7898272038737184
971	0.7898272038737184
972	0.7898272038737184
973	0.7898272038737184
974	0.7898272038737184
975	0.7898272038737184
976	0.7898272038737184
977	0.7898272038737184
978	0.7898272038737184
979	0.7898272038737184
980	0.7898272038737184
981	0.7898272038737184
982	0.7898272038737184
983	0.7898272038737184
984	0.7898272038737184
985	0.7898272038737184
986	0.7898272038737184
987	0.7898272038737184
988	0.7898272038737184
989	0.7898272038737184
990	0.7898272038737184
991	0.7898272038737184
992	0.7898272038737184
993	0.7898272038737184
994	0.7898272038737184
995	0.7898272038737184
996	0.7898272038737184
997	0.7898272038737184
998	0.7898272038737184
999	0.7898272038737184
1000	0.7898272038737184
1001	0.7898272038737184
1002	0.7898272038737184
1003	0.7898272038737184
1004	0.7898272038737184
1005	0.7898272038737184
1006	0.7898272038737184
1007	0.7898272038737184
1008	0.7898272038737184
1009	0.7898272038737184
1010	0.7898272038737184
1011	0.7898272038737184
1012	0.7898272038737184
1013	0.7898272038737184
1014	0.7898272038737184
1015	0.7898272038737184
1016	0.7898272038737184
1017	0.7898272038737184
1018	0.7898272038737184
1019	0.7898272038737184
1020	0.7898272038737184
1021	0.7898272038737184
1022	0.7898272038737184
1023	0.7898272038737184
1024	0.7898272038737184
1025	0.7898272038737184
1026	0.7898272038737184
1027	0.7898272038737184
1028	0.7898272038737184
1029	0.7898272038737184
1030	0.7898272038737184
1031	0.7898272038737184
1032	0.7898272038737184
1033	0.7898272038737184
1034	0.7898272038737184
1035	0.7898272038737184
1036	0.7898272038737184
1037	0.7898272038737184
1038	0.7898272038737184
1039	0.7898272038737184
1040	0.7898272038737184
1041	0.7898272038737184
1042	0.7898272038737184
1043	0.7898272038737184
1044	0.7898272038737184
1045	0.7898272038737184
1046	0.7898272038737184
1047	0.7898272038737184
1048	0.7898272038737184
1049	0.7898272038737184
1050	0.7898272038737184
1051	0.7898272038737184
1052	0.7898272038737184
1053	0.7898272038737184
1054	0.7898272038737184
1055	0.7898272038737184
1056	0.7898272038737184
1057	0.7898272038737184
1058	0.7898272038737184
1059	0.7898272038737184
1060	0.7898272038737184
1061	0.7898272038737184
1062	0.7898272038737184
1063	0.7898272038737184
1064	0.7898272038737184
1065	0.7898272038737184
1066	0.7898272038737184
1067	0.7898272038737184
1068	0.7898272038737184
1069	0.7898272038737184
1070	0.7898272038737184
1071	0.7898272038737184
1072	0.7898272038737184
1073	0.7898272038737184
1074	0.7898272038737184
1075	0.7898272038737184
1076	0.7898272038737184
1077	0.7898272038737184
1078	0.7898272038737184
1079	0.7898272038737184
1080	0.7898272038737184
1081	0.7898272038737184
1082	0.7898272038737184
1083	0.7898272038737184
1084	0.7898272038737184
1085	0.7898272038737184
1086	0.7898272038737184
1087	0.7898272038737184
1088	0.7898272038737184
1089	0.7898272038737184
1090	0.7898272038737184
1091	0.7898272038737184
1092	0.7898272038737184
1093	0.7898272038737184
1094	0.7898272038737184
1095	0.7898272038737184
1096	0.7898272038737184
1097	0.7898272038737184
1098	0.7898272038737184
1099	0.7898272038737184
1100	0.7898272038737184
1101	0.7898272038737184
1102	0.7898272038737184
1103	0.7898272038737184
1104	0.7898272038737184
1105	0.7898272038737184
1106	0.7898272038737184
1107	0.7898272038737184
1108	0.7898272038737184
1109	0.7898272038737184
1110	0.7898272038737184
1111	0.7898272038737184
1112	0.7898272038737184
1113	0.7898272038737184
1114	0.7898272038737184
1115	0.7898272038737184
1116	0.7898272038737184
1117	0.7898272038737184
1118	0.7898272038737184
1119	0.7898272038737184
1120	0.7898272038737184
1121	0.7898272038737184
1122	0.7898272038737184
1123	0.7898272038737184
1124	0.7898272038737184
1125	0.7898272038737184
1126	0.7898272038737184
1127	0.7898272038737184
1128	0.7898272038737184
1129	0.7898272038737184
1130	0.7898272038737184
1131	0.7898272038737184
1132	0.7898272038737184
1133	0.7898272038737184
1134	0.7898272038737184
1135	0.7898272038737184
1136	0.7898272038737184
1137	0.7898272038737184
1138	0.7898272038737184
1139	0.7898272038737184
1140	0.7898272038737184
1141	0.7898272038737184
1142	0.7898272038737184
1143	0.7898272038737184
1144	0.7898272038737184
1145	0.7898272038737184
1146	0.7898272038737184
1147	0.7898272038737184
1148	0.7898272038737184
1149	0.7898272038737184
1150	0.7898272038737184
1151	0.7371720569488038
1152	0.7371720569488038
1153	0.7371720569488038
1154	0.7371720569488038
1155	0.7371720569488038
1156	0.7371720569488038
1157	0.7371720569488038
1158	0.7371720569488038
1159	0.7371720569488038
1160	0.7371720569488038
1161	0.7371720569488038
1162	0.7371720569488038
1163	0.7371720569488038
1164	0.7371720569488038
1165	0.7371720569488038
1166	0.7371720569488038
1167	0.7371720569488038
1168	0.7371720569488038
1169	0.7371720569488038
1170	0.7371720569488038
1171	0.7371720569488038
1172	0.7371720569488038
1173	0.7371720569488038
1174	0.7371720569488038
1175	0.7371720569488038
1176	0.7371720569488038
1177	0.7371720569488038
1178	0.7371720569488038
1179	0.7371720569488038
1180	0.7371720569488038
1181	0.7371720569488038
1182	0.7371720569488038
1183	0.7371720569488038
1184	0.7371720569488038
1185	0.7371720569488038
1186	0.7371720569488038
1187	0.7371720569488038
1188	0.7371720569488038
1189	0.7371720569488038
1190	0.7371720569488038
1191	0.7371720569488038
1192	0.7371720569488038
1193	0.7371720569488038
1194	0.7371720569488038
1195	0.7371720569488038
1196	0.7371720569488038
1197	0.7371720569488038
1198	0.7371720569488038
1199	0.7371720569488038
1200	0.7371720569488038
1201	0.7371720569488038
1202	0.7371720569488038
1203	0.7371720569488038
1204	0.7371720569488038
1205	0.7371720569488038
1206	0.7371720569488038
1207	0.7371720569488038
1208	0.7371720569488038
1209	0.7371720569488038
1210	0.7371720569488038
1211	0.7371720569488038
1212	0.7371720569488038
1213	0.7371720569488038
1214	0.7371720569488038
1215	0.7371720569488038
1216	0.7371720569488038
1217	0.7371720569488038
1218	0.7371720569488038
1219	0.7371720569488038
1220	0.7371720569488038
1221	0.7371720569488038
1222	0.7371720569488038
1223	0.7371720569488038
1224	0.7371720569488038
1225	0.7371720569488038
1226	0.7371720569488038
1227	0.7371720569488038
1228	0.7371720569488038
1229	0.7371720569488038
1230	0.7371720569488038
1231	0.7371720569488038
1232	0.7371720569488038
1233	0.7371720569488038
1234	0.7371720569488038
1235	0.7371720569488038
1236	0.7371720569488038
1237	0.7371720569488038
1238	0.7371720569488038
1239	0.7371720569488038
1240	0.7371720569488038
1241	0.7371720569488038
1242	0.7371720569488038
1243	0.7371720569488038
1244	0.7371720569488038
1245	0.7371720569488038
1246	0.7371720569488038
1247	0.7371720569488038
1248	0.7371720569488038
1249	0.7371720569488038
1250	0.7371720569488038
1251	0.7371720569488038
1252	0.7371720569488038
1253	0.7371720569488038
1254	0.7371720569488038
1255	0.7371720569488038
1256	0.7371720569488038
1257	0.7371720569488038
1258	0.7371720569488038
1259	0.7371720569488038
1260	0.7371720569488038
1261	0.7371720569488038
1262	0.7371720569488038
1263	0.7371720569488038
1264	0.7371720569488038
1265	0.7371720569488038
1266	0.7371720569488038
1267	0.7371720569488038
1268	0.7371720569488038
1269	0.7371720569488038
1270	0.7371720569488038
1271	0.7371720569488038
1272	0.7371720569488038
1273	0.7371720569488038
1274	0.7371720569488038
1275	0.7371720569488038
1276	0.7371720569488038
1277	0.7371720569488038
1278	0.7371720569488038
1279	0.7371720569488038
1280	0.7371720569488038
1281	0.7371720569488038
1282	0.7371720569488038
1283	0.7371720569488038
1284	0.7371720569488038
1285	0.7371720569488038
1286	0.7371720569488038
1287	0.7371720569488038
1288	0.7371720569488038
1289	0.7371720569488038
1290	0.7371720569488038
1291	0.7371720569488038
1292	0.7371720569488038
1293	0.7371720569488038
1294	0.7371720569488038
1295	0.7371720569488038
1296	0.7371720569488038
1297	0.7371720569488038
1298	0.7371720569488038
1299	0.7371720569488038
1300	0.7371720569488038
1301	0.7371720569488038
1302	0.7371720569488038
1303	0.7371720569488038
1304	0.7371720569488038
1305	0.7371720569488038
1306	0.7371720569488038
1307	0.7371720569488038
1308	0.7371720569488038
1309	0.7371720569488038
1310	0.7371720569488038
1311	0.7371720569488038
1312	0.7371720569488038
1313	0.7371720569488038
1314	0.7371720569488038
1315	0.7371720569488038
1316	0.7371720569488038
1317	0.7371720569488038
1318	0.7371720569488038
1319	0.7371720569488038
1320	0.7371720569488038
1321	0.7371720569488038
1322	0.7371720569488038
1323	0.7371720569488038
1324	0.7371720569488038
1325	0.7371720569488038
1326	0.7371720569488038
1327	0.7371720569488038
1328	0.7371720569488038
1329	0.7371720569488038
1330	0.7371720569488038
1331	0.7371720569488038
1332	0.7371720569488038
1333	0.7371720569488038
1334	0.7371720569488038
1335	0.7371720569488038
1336	0.7371720569488038
1337	0.7371720569488038
1338	0.7371720569488038
1339	0.7371720569488038
1340	0.7371720569488038
1341	0.7371720569488038
1342	0.7371720569488038
1343	0.7371720569488038
1344	0.7371720569488038
1345	0.7371720569488038
1346	0.7371720569488038
1347	0.7371720569488038
1348	0.7371720569488038
1349	0.7371720569488038
1350	0.7371720569488038
1351	0.7371720569488038
1352	0.7371720569488038
1353	0.7371720569488038
1354	0.7371720569488038
1355	0.7371720569488038
1356	0.7371720569488038
1357	0.7371720569488038
1358	0.7371720569488038
1359	0.7371720569488038
1360	0.7371720569488038
1361	0.7371720569488038
1362	0.7371720569488038
1363	0.7371720569488038
1364	0.7371720569488038
1365	0.7371720569488038
1366	0.7371720569488038
1367	0.7371720569488038
1368	0.7371720569488038
1369	0.7371720569488038
1370	0.7371720569488038
1371	0.7371720569488038
1372	0.7371720569488038
1373	0.7371720569488038
1374	0.7371720569488038
1375	0.7371720569488038
1376	0.7371720569488038
1377	0.7371720569488038
1378	0.7371720569488038
1379	0.7371720569488038
1380	0.7371720569488038
1381	0.7371720569488038
1382	0.7371720569488038
1383	0.7371720569488038
1384	0.7371720569488038
1385	0.7371720569488038
1386	0.7371720569488038
1387	0.7371720569488038
1388	0.7371720569488038
1389	0.7371720569488038
1390	0.7371720569488038
1391	0.7371720569488038
1392	0.7371720569488038
1393	0.7371720569488038
1394	0.7371720569488038
1395	0.7371720569488038
1396	0.7371720569488038
1397	0.7371720569488038
1398	0.7371720569488038
1399	0.7371720569488038
1400	0.7371720569488038
1401	0.7371720569488038
1402	0.7371720569488038
1403	0.7371720569488038
1404	0.7371720569488038
1405	0.7371720569488038
1406	0.7371720569488038
1407	0.7371720569488038
1408	0.7371720569488038
1409	0.7371720569488038
1410	0.7371720569488038
1411	0.7371720569488038
1412	0.7371720569488038
1413	0.7371720569488038
1414	0.7371720569488038
1415	0.7371720569488038
1416	0.7371720569488038
1417	0.7371720569488038
1418	0.7371720569488038
1419	0.7371720569488038
1420	0.7371720569488038
1421	0.7371720569488038
1422	0.7371720569488038
1423	0.6804665141065882
1424	0.6804665141065882
1425	0.6804665141065882
1426	0.6804665141065882
1427	0.6804665141065882
1428	0.6804665141065882
1429	0.6804665141065882
1430	0.6804665141065882
1431	0.6804665141065882
1432	0.6804665141065882
1433	0.6804665141065882
1434	0.6804665141065882
1435	0.6804665141065882
1436	0.6804665141065882
1437	0.6804665141065882
1438	0.6804665141065882
1439	0.6804665141065882
1440	0.6804665141065882
1441	0.6804665141065882
1442	0.6804665141065882
1443	0.6804665141065882
1444	0.6804665141065882
1445	0.6804665141065882
1446	0.6804665141065882
1447	0.6804665141065882
1448	0.6804665141065882
1449	0.6804665141065882
1450	0.6804665141065882
1451	0.6804665141065882
1452	0.6804665141065882
1453	0.6804665141065882
1454	0.6804665141065882
1455	0.6804665141065882
1456	0.6804665141065882
1457	0.6804665141065882
1458	0.6804665141065882
1459	0.6804665141065882
1460	0.6804665141065882
1461	0.6804665141065882
1462	0.6804665141065882
1463	0.6804665141065882
1464	0.6804665141065882
1465	0.6804665141065882
1466	0.6804665141065882
1467	0.6804665141065882
1468	0.6804665141065882
1469	0.6804665141065882
1470	0.6804665141065882
1471	0.6804665141065882
1472	0.6804665141065882
1473	0.6804665141065882
1474	0.6804665141065882
1475	0.6281229360983891
1476	0.6281229360983891
1477	0.6281229360983891
1478	0.6281229360983891
1479	0.6281229360983891
1480	0.6281229360983891
1481	0.6281229360983891
1482	0.6281229360983891
1483	0.6281229360983891
1484	0.6281229360983891
1485	0.6281229360983891
1486	0.6281229360983891
1487	0.6281229360983891
1488	0.6281229360983891
1489	0.6281229360983891
1490	0.6281229360983891
1491	0.6281229360983891
1492	0.6281229360983891
1493	0.6281229360983891
1494	0.6281229360983891
1495	0.6281229360983891
1496	0.6281229360983891
1497	0.6281229360983891
1498	0.6281229360983891
1499	0.6281229360983891
1500	0.6281229360983891
1501	0.6281229360983891
1502	0.6281229360983891
1503	0.6281229360983891
1504	0.6281229360983891
1505	0.6281229360983891
1506	0.6281229360983891
1507	0.6281229360983891
1508	0.6281229360983891
1509	0.6281229360983891
1510	0.6281229360983891
1511	0.6281229360983891
1512	0.6281229360983891
1513	0.6281229360983891
1514	0.6281229360983891
1515	0.6281229360983891
1516	0.6281229360983891
1517	0.6281229360983891
1518	0.6281229360983891
1519	0.6281229360983891
1520	0.6281229360983891
1521	0.6281229360983891
1522	0.6281229360983891
1523	0.6281229360983891
1524	0.6281229360983891
1525	0.6281229360983891
1526	0.6281229360983891
1527	0.6281229360983891
1528	0.6281229360983891
1529	0.6281229360983891
1530	0.6281229360983891
1531	0.6281229360983891
1532	0.6281229360983891
1533	0.6281229360983891
1534	0.6281229360983891
1535	0.6281229360983891
1536	0.6281229360983891
1537	0.6281229360983891
1538	0.6281229360983891
1539	0.6281229360983891
1540	0.6281229360983891
1541	0.6281229360983891
1542	0.6281229360983891
1543	0.6281229360983891
1544	0.6281229360983891
1545	0.6281229360983891
1546	0.6281229360983891
1547	0.6281229360983891
1548	0.6281229360983891
1549	0.6281229360983891
1550	0.6281229360983891
1551	0.6281229360983891
1552	0.6281229360983891
1553	0.6281229360983891
1554	0.6281229360983891
1555	0.6281229360983891
1556	0.6281229360983891
1557	0.6281229360983891
1558	0.6281229360983891
1559	0.6281229360983891
1560	0.6281229360983891
1561	0.6281229360983891
1562	0.6281229360983891
1563	0.6281229360983891
1564	0.6281229360983891
1565	0.6281229360983891
1566	0.6281229360983891
1567	0.6281229360983891
1568	0.6281229360983891
1569	0.6281229360983891
1570	0.6281229360983891
1571	0.6281229360983891
1572	0.6281229360983891
1573	0.6281229360983891
1574	0.6281229360983891
1575	0.6281229360983891
1576	0.6281229360983891
1577	0.6281229360983891
1578	0.6281229360983891
1579	0.6281229360983891
1580	0.6281229360983891
1581	0.6281229360983891
1582	0.6281229360983891
1583	0.6281229360983891
1584	0.6281229360983891
1585	0.6281229360983891
1586	0.6281229360983891
1587	0.6281229360983891
1588	0.6281229360983891
1589	0.6281229360983891
1590	0.6281229360983891
1591	0.6281229360983891
1592	0.6281229360983891
1593	0.6281229360983891
1594	0.6281229360983891
1595	0.6281229360983891
1596	0.6281229360983891
1597	0.6281229360983891
1598	0.6281229360983891
1599	0.6281229360983891
1600	0.6281229360983891
1601	0.6281229360983891
1602	0.6281229360983891
1603	0.6281229360983891
1604	0.6281229360983891
1605	0.6281229360983891
1606	0.6281229360983891
1607	0.6281229360983891
1608	0.6281229360983891
1609	0.6281229360983891
1610	0.6281229360983891
1611	0.6281229360983891
1612	0.6281229360983891
1613	0.6281229360983891
1614	0.6281229360983891
1615	0.6281229360983891
1616	0.6281229360983891
1617	0.6281229360983891
1618	0.6281229360983891
1619	0.6281229360983891
1620	0.6281229360983891
1621	0.6281229360983891
1622	0.6281229360983891
1623	0.6281229360983891
1624	0.6281229360983891
1625	0.6281229360983891
1626	0.6281229360983891
1627	0.6281229360983891
1628	0.6281229360983891
1629	0.6281229360983891
1630	0.6281229360983891
1631	0.6281229360983891
1632	0.6281229360983891
1633	0.6281229360983891
1634	0.6281229360983891
1635	0.6281229360983891
1636	0.6281229360983891
1637	0.6281229360983891
1638	0.6281229360983891
1639	0.6281229360983891
1640	0.6281229360983891
1641	0.6281229360983891
1642	0.6281229360983891
1643	0.6281229360983891
1644	0.6281229360983891
1645	0.6281229360983891
1646	0.6281229360983891
1647	0.6281229360983891
1648	0.6281229360983891
1649	0.6281229360983891
1650	0.6281229360983891
1651	0.6281229360983891
1652	0.6281229360983891
1653	0.6281229360983891
1654	0.6281229360983891
1655	0.6281229360983891
1656	0.6281229360983891
1657	0.6281229360983891
1658	0.6281229360983891
1659	0.6281229360983891
1660	0.6281229360983891
1661	0.6281229360983891
1662	0.6281229360983891
1663	0.6281229360983891
1664	0.6281229360983891
1665	0.6281229360983891
1666	0.6281229360983891
1667	0.6281229360983891
1668	0.6281229360983891
1669	0.6281229360983891
1670	0.6281229360983891
1671	0.6281229360983891
1672	0.6281229360983891
1673	0.6281229360983891
1674	0.6281229360983891
1675	0.6281229360983891
1676	0.6281229360983891
1677	0.6281229360983891
1678	0.6281229360983891
1679	0.6281229360983891
1680	0.6281229360983891
1681	0.6281229360983891
1682	0.6281229360983891
1683	0.6281229360983891
1684	0.6281229360983891
1685	0.6281229360983891
1686	0.6281229360983891
1687	0.6281229360983891
1688	0.6281229360983891
1689	0.6281229360983891
1690	0.6281229360983891
1691	0.6281229360983891
1692	0.6281229360983891
1693	0.6281229360983891
1694	0.6281229360983891
1695	0.6281229360983891
1696	0.6281229360983891
1697	0.6281229360983891
1698	0.6281229360983891
1699	0.6281229360983891
1700	0.6281229360983891
1701	0.6281229360983891
1702	0.6281229360983891
1703	0.6281229360983891
1704	0.6281229360983891
1705	0.6281229360983891
1706	0.6281229360983891
1707	0.6281229360983891
1708	0.6281229360983891
1709	0.6281229360983891
1710	0.6281229360983891
1711	0.6281229360983891
1712	0.6281229360983891
1713	0.6281229360983891
1714	0.6281229360983891
1715	0.6281229360983891
1716	0.6281229360983891
1717	0.6281229360983891
1718	0.6281229360983891
1719	0.6281229360983891
1720	0.6281229360983891
1721	0.6281229360983891
1722	0.6281229360983891
1723	0.6281229360983891
1724	0.6281229360983891
1725	0.6281229360983891
1726	0.6281229360983891
1727	0.6281229360983891
1728	0.6281229360983891
1729	0.6281229360983891
1730	0.6281229360983891
1731	0.6281229360983891
1732	0.6281229360983891
1733	0.6281229360983891
1734	0.6281229360983891
1735	0.6281229360983891
1736	0.6281229360983891
1737	0.6281229360983891
1738	0.6281229360983891
1739	0.6281229360983891
1740	0.6281229360983891
1741	0.6281229360983891
1742	0.6281229360983891
1743	0.6281229360983891
1744	0.6281229360983891
1745	0.6281229360983891
1746	0.6281229360983891
1747	0.6281229360983891
1748	0.6281229360983891
1749	0.6281229360983891
1750	0.6281229360983891
1751	0.6281229360983891
1752	0.6281229360983891
1753	0.6281229360983891
1754	0.6281229360983891
1755	0.6281229360983891
1756	0.6281229360983891
1757	0.6281229360983891
1758	0.6281229360983891
1759	0.6281229360983891
1760	0.6281229360983891
1761	0.6281229360983891
1762	0.6281229360983891
1763	0.6281229360983891
1764	0.6281229360983891
1765	0.6281229360983891
1766	0.6281229360983891
1767	0.6281229360983891
1768	0.6281229360983891
1769	0.6281229360983891
1770	0.6281229360983891
1771	0.6281229360983891
1772	0.6281229360983891
1773	0.6281229360983891
1774	0.6281229360983891
1775	0.6281229360983891
1776	0.6281229360983891
1777	0.6281229360983891
1778	0.6281229360983891
1779	0.6281229360983891
1780	0.6281229360983891
1781	0.6281229360983891
1782	0.6281229360983891
1783	0.6281229360983891
1784	0.6281229360983891
1785	0.6281229360983891
1786	0.6281229360983891
1787	0.6281229360983891
1788	0.6281229360983891
1789	0.6281229360983891
1790	0.6281229360983891
1791	0.6281229360983891
1792	0.6281229360983891
1793	0.6281229360983891
1794	0.6281229360983891
1795	0.6281229360983891
1796	0.6281229360983891
1797	0.6281229360983891
1798	0.6281229360983891
1799	0.6281229360983891
1800	0.6281229360983891
1801	0.6281229360983891
1802	0.6281229360983891
1803	0.6281229360983891
1804	0.6281229360983891
1805	0.6281229360983891
1806	0.6281229360983891
1807	0.6281229360983891
1808	0.6281229360983891
1809	0.6281229360983891
1810	0.6281229360983891
1811	0.6281229360983891
1812	0.6281229360983891
1813	0.6281229360983891
1814	0.6281229360983891
1815	0.6281229360983891
1816	0.6281229360983891
1817	0.6281229360983891
1818	0.6281229360983891
1819	0.6281229360983891
1820	0.6281229360983891
1821	0.6281229360983891
1822	0.6281229360983891
1823	0.6281229360983891
1824	0.6281229360983891
1825	0.6281229360983891
1826	0.6281229360983891
1827	0.6281229360983891
1828	0.6281229360983891
1829	0.6281229360983891
1830	0.6281229360983891
1831	0.6281229360983891
1832	0.6281229360983891
1833	0.6281229360983891
1834	0.6281229360983891
1835	0.6281229360983891
1836	0.6281229360983891
1837	0.6281229360983891
1838	0.6281229360983891
1839	0.6281229360983891
1840	0.6281229360983891
1841	0.6281229360983891
1842	0.6281229360983891
1843	0.6281229360983891
1844	0.6281229360983891
1845	0.6281229360983891
1846	0.6281229360983891
1847	0.6281229360983891
1848	0.6281229360983891
1849	0.6281229360983891
1850	0.6281229360983891
1851	0.6281229360983891
1852	0.6281229360983891
1853	0.6281229360983891
1854	0.6281229360983891
1855	0.6281229360983891
1856	0.6281229360983891
1857	0.6281229360983891
1858	0.6281229360983891
1859	0.6281229360983891
1860	0.6281229360983891
1861	0.6281229360983891
1862	0.6281229360983891
1863	0.6281229360983891
1864	0.6281229360983891
1865	0.6281229360983891
1866	0.6281229360983891
1867	0.6281229360983891
1868	0.6281229360983891
1869	0.6281229360983891
1870	0.6281229360983891
1871	0.6281229360983891
1872	0.6281229360983891
1873	0.6281229360983891
1874	0.6281229360983891
1875	0.6281229360983891
1876	0.6281229360983891
1877	0.6281229360983891
1878	0.6281229360983891
1879	0.6281229360983891
1880	0.6281229360983891
1881	0.6281229360983891
1882	0.6281229360983891
1883	0.6281229360983891
1884	0.6281229360983891
1885	0.6281229360983891
1886	0.6281229360983891
1887	0.6281229360983891
1888	0.6281229360983891
1889	0.6281229360983891
1890	0.6281229360983891
1891	0.6281229360983891
1892	0.6281229360983891
1893	0.6281229360983891
1894	0.6281229360983891
1895	0.6281229360983891
1896	0.6281229360983891
1897	0.6281229360983891
1898	0.6281229360983891
1899	0.6281229360983891
1900	0.6281229360983891
1901	0.6281229360983891
1902	0.6281229360983891
1903	0.6281229360983891
1904	0.6281229360983891
1905	0.6281229360983891
1906	0.6281229360983891
1907	0.6281229360983891
1908	0.6281229360983891
1909	0.6281229360983891
1910	0.6281229360983891
1911	0.6281229360983891
1912	0.6281229360983891
1913	0.6281229360983891
1914	0.6281229360983891
1915	0.6281229360983891
1916	0.6281229360983891
1917	0.6281229360983891
1918	0.6281229360983891
1919	0.6281229360983891
1920	0.6281229360983891
1921	0.6281229360983891
1922	0.6281229360983891
1923	0.6281229360983891
1924	0.6281229360983891
1925	0.6281229360983891
1926	0.6281229360983891
1927	0.6281229360983891
1928	0.6281229360983891
1929	0.6281229360983891
1930	0.6281229360983891
1931	0.6281229360983891
1932	0.6281229360983891
1933	0.6281229360983891
1934	0.6281229360983891
1935	0.6281229360983891
1936	0.6281229360983891
1937	0.6281229360983891
1938	0.6281229360983891
1939	0.6281229360983891
1940	0.6281229360983891
1941	0.6281229360983891
1942	0.6281229360983891
1943	0.6281229360983891
1944	0.6281229360983891
1945	0.6281229360983891
1946	0.6281229360983891
1947	0.6281229360983891
1948	0.6281229360983891
1949	0.6281229360983891
1950	0.6281229360983891
1951	0.6281229360983891
1952	0.6281229360983891
1953	0.6281229360983891
1954	0.6281229360983891
1955	0.6281229360983891
1956	0.6281229360983891
1957	0.6281229360983891
1958	0.6281229360983891
1959	0.6281229360983891
1960	0.6281229360983891
1961	0.6281229360983891
1962	0.6281229360983891
1963	0.6281229360983891
1964	0.6281229360983891
1965	0.6281229360983891
1966	0.6281229360983891
1967	0.6281229360983891
1968	0.6281229360983891
1969	0.6281229360983891
1970	0.6281229360983891
1971	0.6281229360983891
1972	0.6281229360983891
1973	0.6281229360983891
1974	0.6281229360983891
1975	0.6281229360983891
1976	0.6281229360983891
1977	0.6281229360983891
1978	0.6281229360983891
1979	0.6281229360983891
1980	0.6281229360983891
1981	0.6281229360983891
1982	0.6281229360983891
1983	0.6281229360983891
1984	0.6281229360983891
1985	0.6281229360983891
1986	0.6281229360983891
1987	0.6281229360983891
1988	0.6281229360983891
1989	0.6281229360983891
1990	0.6281229360983891
1991	0.6281229360983891
1992	0.6281229360983891
1993	0.6281229360983891
1994	0.6281229360983891
1995	0.6281229360983891
1996	0.6281229360983891
1997	0.6281229360983891
1998	0.6281229360983891
1999	0.6281229360983891
2000	0.6281229360983891
2001	0.6281229360983891
2002	0.6281229360983891
2003	0.6281229360983891
2004	0.6281229360983891
2005	0.6281229360983891
2006	0.6281229360983891
2007	0.6281229360983891
2008	0.6281229360983891
2009	0.6281229360983891
2010	0.6281229360983891
2011	0.6281229360983891
2012	0.6281229360983891
2013	0.6281229360983891
2014	0.6281229360983891
2015	0.6281229360983891
2016	0.6281229360983891
2017	0.6281229360983891
2018	0.6281229360983891
2019	0.6281229360983891
2020	0.6281229360983891
2021	0.6281229360983891
2022	0.6281229360983891
2023	0.6281229360983891
2024	0.6281229360983891
2025	0.6281229360983891
2026	0.6281229360983891
2027	0.6281229360983891
2028	0.6281229360983891
2029	0.6281229360983891
2030	0.6281229360983891
2031	0.6281229360983891
2032	0.6281229360983891
2033	0.6281229360983891
2034	0.6281229360983891
2035	0.6281229360983891
2036	0.6281229360983891
2037	0.6281229360983891
2038	0.6281229360983891
2039	0.6281229360983891
2040	0.6281229360983891
2041	0.6281229360983891
2042	0.6281229360983891
2043	0.6281229360983891
2044	0.6281229360983891
2045	0.6281229360983891
2046	0.6281229360983891
2047	0.6281229360983891
2048	0.6281229360983891
2049	0.6281229360983891
2050	0.6281229360983891
2051	0.6281229360983891
2052	0.6281229360983891
2053	0.6281229360983891
2054	0.6281229360983891
2055	0.6281229360983891
2056	0.6281229360983891
2057	0.6281229360983891
2058	0.6281229360983891
2059	0.6281229360983891
2060	0.6281229360983891
2061	0.6281229360983891
2062	0.6281229360983891
2063	0.6281229360983891
2064	0.6281229360983891
2065	0.6281229360983891
2066	0.6281229360983891
2067	0.6281229360983891
2068	0.6281229360983891
2069	0.6281229360983891
2070	0.6281229360983891
2071	0.6281229360983891
2072	0.5798057871677438
2073	0.5798057871677438
2074	0.5798057871677438
2075	0.5798057871677438
2076	0.5798057871677438
2077	0.5798057871677438
2078	0.5798057871677438
2079	0.5798057871677438
2080	0.5798057871677438
2081	0.5798057871677438
2082	0.5798057871677438
2083	0.5798057871677438
2084	0.5798057871677438
2085	0.5798057871677438
2086	0.5798057871677438
2087	0.5798057871677438
2088	0.5798057871677438
2089	0.5798057871677438
2090	0.5798057871677438
2091	0.5798057871677438
2092	0.5798057871677438
2093	0.5798057871677438
2094	0.5798057871677438
2095	0.5798057871677438
2096	0.5798057871677438
2097	0.5798057871677438
2098	0.5798057871677438
2099	0.5798057871677438
2100	0.5798057871677438
2101	0.5798057871677438
2102	0.5798057871677438
2103	0.5798057871677438
2104	0.5798057871677438
2105	0.5798057871677438
2106	0.5798057871677438
2107	0.5798057871677438
2108	0.5798057871677438
2109	0.5798057871677438
2110	0.5798057871677438
2111	0.5798057871677438
2112	0.5798057871677438
2113	0.5798057871677438
2114	0.5798057871677438
2115	0.5798057871677438
2116	0.5798057871677438
2117	0.5798057871677438
2118	0.5798057871677438
2119	0.5798057871677438
2120	0.5798057871677438
2121	0.5798057871677438
2122	0.5798057871677438
2123	0.5798057871677438
2124	0.5798057871677438
2125	0.5798057871677438
2126	0.5798057871677438
2127	0.5798057871677438
2128	0.5798057871677438
2129	0.5798057871677438
2130	0.5798057871677438
2131	0.5798057871677438
2132	0.5798057871677438
2133	0.5798057871677438
2134	0.5798057871677438
2135	0.5798057871677438
2136	0.5798057871677438
2137	0.5798057871677438
2138	0.5798057871677438
2139	0.5798057871677438
2140	0.5798057871677438
2141	0.5798057871677438
2142	0.5798057871677438
2143	0.5798057871677438
2144	0.5798057871677438
2145	0.5798057871677438
2146	0.5798057871677438
2147	0.5798057871677438
2148	0.5798057871677438
2149	0.5798057871677438
2150	0.5798057871677438
2151	0.5798057871677438
2152	0.5798057871677438
2153	0.5798057871677438
2154	0.5798057871677438
2155	0.5798057871677438
2156	0.5798057871677438
2157	0.5798057871677438
2158	0.5798057871677438
2159	0.5798057871677438
2160	0.5798057871677438
2161	0.5798057871677438
2162	0.5798057871677438
2163	0.5798057871677438
2164	0.5798057871677438
2165	0.5798057871677438
2166	0.5798057871677438
2167	0.5798057871677438
2168	0.5798057871677438
2169	0.5798057871677438
2170	0.5798057871677438
2171	0.5798057871677438
2172	0.5798057871677438
2173	0.5798057871677438
2174	0.5798057871677438
2175	0.5798057871677438
2176	0.5798057871677438
2177	0.5798057871677438
2178	0.5798057871677438
2179	0.5798057871677438
2180	0.5798057871677438
2181	0.5798057871677438
2182	0.5798057871677438
2183	0.5798057871677438
2184	0.5798057871677438
2185	0.5798057871677438
2186	0.5798057871677438
2187	0.5798057871677438
2188	0.5798057871677438
2189	0.5798057871677438
2190	0.5798057871677438
2191	0.5798057871677438
2192	0.5798057871677438
2193	0.5798057871677438
2194	0.5798057871677438
2195	0.5798057871677438
2196	0.5798057871677438
2197	0.5798057871677438
2198	0.5798057871677438
2199	0.5798057871677438
2200	0.5798057871677438
2201	0.5798057871677438
2202	0.5798057871677438
2203	0.5798057871677438
2204	0.5798057871677438
2205	0.5798057871677438
2206	0.5798057871677438
2207	0.5798057871677438
2208	0.5798057871677438
2209	0.5798057871677438
2210	0.5798057871677438
2211	0.5798057871677438
2212	0.5798057871677438
2213	0.5798057871677438
2214	0.5798057871677438
2215	0.5798057871677438
2216	0.5798057871677438
2217	0.5798057871677438
2218	0.5798057871677438
2219	0.5798057871677438
2220	0.5798057871677438
2221	0.5798057871677438
2222	0.5798057871677438
2223	0.5798057871677438
2224	0.5798057871677438
2225	0.5798057871677438
2226	0.5798057871677438
2227	0.5798057871677438
2228	0.5798057871677438
2229	0.5798057871677438
2230	0.5798057871677438
2231	0.5798057871677438
2232	0.5798057871677438
2233	0.5798057871677438
2234	0.5798057871677438
2235	0.5798057871677438
2236	0.5798057871677438
2237	0.5798057871677438
2238	0.5798057871677438
2239	0.5798057871677438
2240	0.5798057871677438
2241	0.5798057871677438
2242	0.5798057871677438
2243	0.5798057871677438
2244	0.5798057871677438
2245	0.5798057871677438
2246	0.5798057871677438
2247	0.5798057871677438
2248	0.5798057871677438
2249	0.5798057871677438
2250	0.5798057871677438
2251	0.5798057871677438
2252	0.5798057871677438
2253	0.5798057871677438
2254	0.5798057871677438
2255	0.5798057871677438
2256	0.5798057871677438
2257	0.5798057871677438
2258	0.5798057871677438
2259	0.5798057871677438
2260	0.5798057871677438
2261	0.5798057871677438
2262	0.5798057871677438
2263	0.5798057871677438
2264	0.5798057871677438
2265	0.5798057871677438
2266	0.5798057871677438
2267	0.5798057871677438
2268	0.5798057871677438
2269	0.5798057871677438
2270	0.5798057871677438
2271	0.5798057871677438
2272	0.5798057871677438
2273	0.5798057871677438
2274	0.5798057871677438
2275	0.5798057871677438
2276	0.5798057871677438
2277	0.5798057871677438
2278	0.5798057871677438
2279	0.5798057871677438
2280	0.5798057871677438
2281	0.5798057871677438
2282	0.5798057871677438
2283	0.5798057871677438
2284	0.5798057871677438
2285	0.5798057871677438
2286	0.5798057871677438
2287	0.5798057871677438
2288	0.5798057871677438
2289	0.5798057871677438
2290	0.5798057871677438
2291	0.5798057871677438
2292	0.5798057871677438
2293	0.5798057871677438
2294	0.5798057871677438
2295	0.5798057871677438
2296	0.5798057871677438
2297	0.5798057871677438
2298	0.5798057871677438
2299	0.5798057871677438
2300	0.5798057871677438
2301	0.5798057871677438
2302	0.5798057871677438
2303	0.5798057871677438
2304	0.5798057871677438
2305	0.5798057871677438
2306	0.5798057871677438
2307	0.5798057871677438
2308	0.5798057871677438
2309	0.5798057871677438
2310	0.5798057871677438
2311	0.5798057871677438
2312	0.5798057871677438
2313	0.5798057871677438
2314	0.5798057871677438
2315	0.5798057871677438
2316	0.5798057871677438
2317	0.5798057871677438
2318	0.5798057871677438
2319	0.5798057871677438
2320	0.5798057871677438
2321	0.5798057871677438
2322	0.5798057871677438
2323	0.5798057871677438
2324	0.5798057871677438
2325	0.5798057871677438
2326	0.5798057871677438
2327	0.5798057871677438
2328	0.5798057871677438
2329	0.5798057871677438
2330	0.5798057871677438
2331	0.5798057871677438
2332	0.5798057871677438
2333	0.5798057871677438
2334	0.5798057871677438
2335	0.5798057871677438
2336	0.5798057871677438
2337	0.5798057871677438
2338	0.5798057871677438
2339	0.5798057871677438
2340	0.5798057871677438
2341	0.5798057871677438
2342	0.5798057871677438
2343	0.5798057871677438
2344	0.5798057871677438
2345	0.5798057871677438
2346	0.5798057871677438
2347	0.5798057871677438
2348	0.5798057871677438
2349	0.5798057871677438
2350	0.5798057871677438
2351	0.5798057871677438
2352	0.5798057871677438
2353	0.5798057871677438
2354	0.5798057871677438
2355	0.5798057871677438
2356	0.5798057871677438
2357	0.5798057871677438
2358	0.5798057871677438
2359	0.5798057871677438
2360	0.5798057871677438
2361	0.5798057871677438
2362	0.5798057871677438
2363	0.5798057871677438
2364	0.5798057871677438
2365	0.5798057871677438
2366	0.5798057871677438
2367	0.5798057871677438
2368	0.5798057871677438
2369	0.5798057871677438
2370	0.5798057871677438
2371	0.5798057871677438
2372	0.5798057871677438
2373	0.5798057871677438
2374	0.5798057871677438
2375	0.5798057871677438
2376	0.5798057871677438
2377	0.5798057871677438
2378	0.5798057871677438
2379	0.5798057871677438
2380	0.5798057871677438
2381	0.5798057871677438
2382	0.5798057871677438
2383	0.5798057871677438
2384	0.5798057871677438
2385	0.5798057871677438
2386	0.5798057871677438
2387	0.5798057871677438
2388	0.5798057871677438
2389	0.5798057871677438
2390	0.5798057871677438
2391	0.5798057871677438
2392	0.5798057871677438
2393	0.5798057871677438
2394	0.5798057871677438
2395	0.5798057871677438
2396	0.5798057871677438
2397	0.5798057871677438
2398	0.5798057871677438
2399	0.5798057871677438
2400	0.5798057871677438
2401	0.5798057871677438
2402	0.5798057871677438
2403	0.5798057871677438
2404	0.5798057871677438
2405	0.5798057871677438
2406	0.5798057871677438
2407	0.5798057871677438
2408	0.5798057871677438
2409	0.5798057871677438
2410	0.5798057871677438
2411	0.5798057871677438
2412	0.5798057871677438
2413	0.5798057871677438
2414	0.5798057871677438
2415	0.5798057871677438
2416	0.5798057871677438
2417	0.5798057871677438
2418	0.5798057871677438
2419	0.5798057871677438
2420	0.5798057871677438
2421	0.5798057871677438
2422	0.5798057871677438
2423	0.5798057871677438
2424	0.5798057871677438
2425	0.5798057871677438
2426	0.5798057871677438
2427	0.5798057871677438
2428	0.5798057871677438
2429	0.5798057871677438
2430	0.5798057871677438
2431	0.5798057871677438
2432	0.5798057871677438
2433	0.5798057871677438
2434	0.5798057871677438
2435	0.5798057871677438
2436	0.5798057871677438
2437	0.5798057871677438
2438	0.5798057871677438
2439	0.5798057871677438
2440	0.5798057871677438
2441	0.5798057871677438
2442	0.5798057871677438
2443	0.5798057871677438
2444	0.5798057871677438
2445	0.5798057871677438
2446	0.5798057871677438
2447	0.5798057871677438
2448	0.5798057871677438
2449	0.5798057871677438
2450	0.5798057871677438
2451	0.5798057871677438
2452	0.5798057871677438
2453	0.5798057871677438
2454	0.5798057871677438
2455	0.5798057871677438
2456	0.5798057871677438
2457	0.5798057871677438
2458	0.5798057871677438
2459	0.5798057871677438
2460	0.5798057871677438
2461	0.5798057871677438
2462	0.5798057871677438
2463	0.5798057871677438
2464	0.5798057871677438
2465	0.5798057871677438
2466	0.5798057871677438
2467	0.5798057871677438
2468	0.5798057871677438
2469	0.5798057871677438
2470	0.5798057871677438
2471	0.5798057871677438
2472	0.5798057871677438
2473	0.5798057871677438
2474	0.5798057871677438
2475	0.5798057871677438
2476	0.5798057871677438
2477	0.5798057871677438
2478	0.5798057871677438
2479	0.5798057871677438
2480	0.5798057871677438
2481	0.5798057871677438
2482	0.5798057871677438
2483	0.5798057871677438
2484	0.5798057871677438
2485	0.5798057871677438
2486	0.5798057871677438
2487	0.5798057871677438
2488	0.5798057871677438
2489	0.5798057871677438
2490	0.5798057871677438
2491	0.5798057871677438
2492	0.5798057871677438
2493	0.5798057871677438
2494	0.5798057871677438
2495	0.5798057871677438
2496	0.5798057871677438
2497	0.5798057871677438
2498	0.5798057871677438
2499	0.5798057871677438
2500	0.5798057871677438
2501	0.5798057871677438
2502	0.5798057871677438
2503	0.5798057871677438
2504	0.5798057871677438
2505	0.5798057871677438
2506	0.5798057871677438
2507	0.5798057871677438
2508	0.5798057871677438
2509	0.5798057871677438
2510	0.5798057871677438
2511	0.5798057871677438
2512	0.5798057871677438
2513	0.5798057871677438
2514	0.5798057871677438
2515	0.5798057871677438
2516	0.5798057871677438
2517	0.5798057871677438
2518	0.5798057871677438
2519	0.5798057871677438
2520	0.5798057871677438
2521	0.5798057871677438
2522	0.5798057871677438
2523	0.5798057871677438
2524	0.5798057871677438
2525	0.5798057871677438
2526	0.5798057871677438
2527	0.5798057871677438
2528	0.5798057871677438
2529	0.5798057871677438
2530	0.5798057871677438
2531	0.5798057871677438
2532	0.5798057871677438
2533	0.5798057871677438
2534	0.5798057871677438
2535	0.5798057871677438
2536	0.5798057871677438
2537	0.5798057871677438
2538	0.5798057871677438
2539	0.5798057871677438
2540	0.5798057871677438
2541	0.5798057871677438
2542	0.5798057871677438
2543	0.5798057871677438
2544	0.5798057871677438
2545	0.5798057871677438
2546	0.5798057871677438
2547	0.5798057871677438
2548	0.5798057871677438
2549	0.5798057871677438
2550	0.5798057871677438
2551	0.5798057871677438
2552	0.5798057871677438
2553	0.5798057871677438
2554	0.5798057871677438
2555	0.5798057871677438
2556	0.5798057871677438
2557	0.5798057871677438
2558	0.5798057871677438
2559	0.5798057871677438
2560	0.5798057871677438
2561	0.5798057871677438
2562	0.5798057871677438
2563	0.5798057871677438
2564	0.5798057871677438
2565	0.5798057871677438
2566	0.5798057871677438
2567	0.5798057871677438
2568	0.5798057871677438
2569	0.5798057871677438
2570	0.5798057871677438
2571	0.5798057871677438
2572	0.5798057871677438
2573	0.5798057871677438
2574	0.5798057871677438
2575	0.5798057871677438
2576	0.5798057871677438
2577	0.5798057871677438
2578	0.5798057871677438
2579	0.5798057871677438
2580	0.5798057871677438
2581	0.5798057871677438
2582	0.5798057871677438
2583	0.5798057871677438
2584	0.5798057871677438
2585	0.5798057871677438
2586	0.5798057871677438
2587	0.5798057871677438
2588	0.5798057871677438
2589	0.5798057871677438
2590	0.5798057871677438
2591	0.5798057871677438
2592	0.5798057871677438
2593	0.5798057871677438
2594	0.5798057871677438
2595	0.5798057871677438
2596	0.5798057871677438
2597	0.5798057871677438
2598	0.5798057871677438
2599	0.5798057871677438
2600	0.5798057871677438
2601	0.5798057871677438
2602	0.5798057871677438
2603	0.5798057871677438
2604	0.5798057871677438
2605	0.5798057871677438
2606	0.5798057871677438
2607	0.5798057871677438
2608	0.5798057871677438
2609	0.5798057871677438
2610	0.5798057871677438
2611	0.5798057871677438
2612	0.5798057871677438
2613	0.5798057871677438
2614	0.5798057871677438
2615	0.5798057871677438
2616	0.5798057871677438
2617	0.5798057871677438
2618	0.5798057871677438
2619	0.5798057871677438
2620	0.5798057871677438
2621	0.5798057871677438
2622	0.5798057871677438
2623	0.5798057871677438
2624	0.5798057871677438
2625	0.5798057871677438
2626	0.5798057871677438
2627	0.5798057871677438
2628	0.5798057871677438
2629	0.5798057871677438
2630	0.5798057871677438
2631	0.5798057871677438
2632	0.5798057871677438
2633	0.5798057871677438
2634	0.5798057871677438
2635	0.5798057871677438
2636	0.5798057871677438
2637	0.5798057871677438
2638	0.5798057871677438
2639	0.5798057871677438
2640	0.5798057871677438
2641	0.5798057871677438
2642	0.5798057871677438
2643	0.5798057871677438
2644	0.5798057871677438
2645	0.5798057871677438
2646	0.5798057871677438
2647	0.5798057871677438
2648	0.5798057871677438
2649	0.5798057871677438
2650	0.5798057871677438
2651	0.5798057871677438
2652	0.5798057871677438
2653	0.5798057871677438
2654	0.5798057871677438
2655	0.5798057871677438
2656	0.5798057871677438
2657	0.5798057871677438
2658	0.5798057871677438
2659	0.5798057871677438
2660	0.5798057871677438
2661	0.5798057871677438
2662	0.5798057871677438
2663	0.5798057871677438
2664	0.5798057871677438
2665	0.5798057871677438
2666	0.5798057871677438
2667	0.5798057871677438
2668	0.5798057871677438
2669	0.5798057871677438
2670	0.5798057871677438
2671	0.5798057871677438
2672	0.5798057871677438
2673	0.5798057871677438
2674	0.5798057871677438
2675	0.5798057871677438
2676	0.5798057871677438
2677	0.5798057871677438
2678	0.5798057871677438
2679	0.5798057871677438
2680	0.5798057871677438
2681	0.5798057871677438
2682	0.5798057871677438
2683	0.5798057871677438
2684	0.5798057871677438
2685	0.5798057871677438
2686	0.5798057871677438
2687	0.5798057871677438
2688	0.5798057871677438
2689	0.5798057871677438
2690	0.5798057871677438
2691	0.5798057871677438
2692	0.5798057871677438
2693	0.5798057871677438
2694	0.5798057871677438
2695	0.5798057871677438
2696	0.5798057871677438
2697	0.5798057871677438
2698	0.5798057871677438
2699	0.5798057871677438
2700	0.5798057871677438
2701	0.5798057871677438
2702	0.5798057871677438
2703	0.5798057871677438
2704	0.5798057871677438
2705	0.5798057871677438
2706	0.5798057871677438
2707	0.5798057871677438
2708	0.5798057871677438
2709	0.5798057871677438
2710	0.5798057871677438
2711	0.5798057871677438
2712	0.5798057871677438
2713	0.5798057871677438
2714	0.5798057871677438
2715	0.5798057871677438
2716	0.5798057871677438
2717	0.5798057871677438
2718	0.5798057871677438
2719	0.5798057871677438
2720	0.5798057871677438
2721	0.5798057871677438
2722	0.5798057871677438
2723	0.5798057871677438
2724	0.5798057871677438
2725	0.5798057871677438
2726	0.5798057871677438
2727	0.5798057871677438
2728	0.5798057871677438
2729	0.5798057871677438
2730	0.5798057871677438
2731	0.5798057871677438
2732	0.5798057871677438
2733	0.5798057871677438
2734	0.5798057871677438
2735	0.5798057871677438
2736	0.5798057871677438
2737	0.5798057871677438
2738	0.5798057871677438
2739	0.5798057871677438
2740	0.5798057871677438
2741	0.5798057871677438
2742	0.5798057871677438
2743	0.5798057871677438
2744	0.5798057871677438
2745	0.5798057871677438
2746	0.5798057871677438
2747	0.5798057871677438
2748	0.5798057871677438
2749	0.5798057871677438
2750	0.5798057871677438
2751	0.5798057871677438
2752	0.5798057871677438
2753	0.5798057871677438
2754	0.5798057871677438
2755	0.5798057871677438
2756	0.5798057871677438
2757	0.5798057871677438
2758	0.5798057871677438
2759	0.5798057871677438
2760	0.5798057871677438
2761	0.5798057871677438
2762	0.5798057871677438
2763	0.5798057871677438
2764	0.5798057871677438
2765	0.5798057871677438
2766	0.5798057871677438
2767	0.5798057871677438
2768	0.5798057871677438
2769	0.5798057871677438
2770	0.5798057871677438
2771	0.5798057871677438
2772	0.5798057871677438
2773	0.5798057871677438
2774	0.5798057871677438
2775	0.5798057871677438
2776	0.5798057871677438
2777	0.5798057871677438
2778	0.5798057871677438
2779	0.5798057871677438
2780	0.5798057871677438
2781	0.5798057871677438
2782	0.5798057871677438
2783	0.5798057871677438
2784	0.5798057871677438
2785	0.5798057871677438
2786	0.5798057871677438
2787	0.5798057871677438
2788	0.5798057871677438
2789	0.5798057871677438
2790	0.5798057871677438
2791	0.5798057871677438
2792	0.5798057871677438
2793	0.5798057871677438
2794	0.5798057871677438
2795	0.5798057871677438
2796	0.5798057871677438
2797	0.5798057871677438
2798	0.5798057871677438
2799	0.5798057871677438
2800	0.5798057871677438
2801	0.5798057871677438
2802	0.5798057871677438
2803	0.5798057871677438
2804	0.5798057871677438
2805	0.5798057871677438
2806	0.5798057871677438
2807	0.5798057871677438
2808	0.5798057871677438
2809	0.5798057871677438
2810	0.5798057871677438
2811	0.5798057871677438
2812	0.5798057871677438
2813	0.5798057871677438
2814	0.5798057871677438
2815	0.5798057871677438
2816	0.5798057871677438
2817	0.5798057871677438
2818	0.5798057871677438
2819	0.5798057871677438
2820	0.5798057871677438
2821	0.5798057871677438
2822	0.5798057871677438
2823	0.5798057871677438
2824	0.5798057871677438
2825	0.5798057871677438
2826	0.5798057871677438
2827	0.5798057871677438
2828	0.5798057871677438
2829	0.5798057871677438
2830	0.5798057871677438
2831	0.5798057871677438
2832	0.5798057871677438
2833	0.5798057871677438
2834	0.5798057871677438
2835	0.5798057871677438
2836	0.5798057871677438
2837	0.5798057871677438
2838	0.5798057871677438
